,title,values
0,Sold by,Ulta BeautyOpens in a new window4.8/54.8 out of 5 stars store rating(1.8K store reviews)9 more locationsHide locations
1,Sold by,Walgreens.comOpens in a new window4.6/54.6 out of 5 stars store rating(509 store reviews)
2,Sold by,"PC Fallon Co.Opens in a new windowTrusted storeWhat makes this a trusted store?This store offers a combination of fast shipping, on-time deliveries, and easy returns, among other services.·4.9/54.9 out of 5 stars store rating(1.6K)"
3,Sold by,Vitacost.comOpens in a new window4.6/54.6 out of 5 stars store rating(8.3K store reviews)
4,Sold by,Bealls FloridaOpens in a new window4.4/54.4 out of 5 stars store rating(3.8K store reviews)
5,Sold by,ihealtheeOpens in a new window
6,Sold by,Zabiva.comOpens in a new window
7,Sold by,WalmartOpens in a new window1 more offerHide offers
8,Sold by,eBayOpens in a new window1 more offerHide offers
9,Sold by,truegether.com/user/433433.htmlOpens in a new window
10,Sold by,iBeautyCity.comOpens in a new window
11,Sold by,Bonanza - Xperts-Bonanza MallOpens in a new window
12,Sold by,"ibeautistoreOpens in a new windowTrusted storeWhat makes this a trusted store?This store offers a combination of fast shipping, on-time deliveries, and easy returns, among other services."
13,Details & special offers,434.0 mi · In stock at Mount LaurelToday: 10:00 AM - 8:00 PM
14,Details & special offers,$5.99 deliveryFree 30-day returns
15,Details & special offers,"Delivery by Wed, May 25Spend $89 for free delivery"
16,Details & special offers,Spend $49 for free delivery60-day returns
17,Details & special offers,Delivery date & cost shown at checkout
18,Details & special offers,Free delivery
19,Details & special offers,Free deliveryApply SAVE22
20,Details & special offers,Free delivery
21,Details & special offers,"Free delivery by Wed, May 18"
22,Details & special offers,Free delivery
23,Details & special offers,"Free delivery by Sun, May 22"
24,Details & special offers,Free delivery
25,Details & special offers,"Free delivery by Sun, May 22"
26,Item price,$8.99
27,Item price,$8.99
28,Item price,$9.95
29,Item price,$9.99
30,Item price,LOW PRICE$7.19$8.99
31,Item price,$14.21
32,Item price,5% OFF$20.23
33,Item price,$31.92
34,Item price,$23.99
35,Item price,$23.51
36,Item price,$39.18
37,Item price,$23.99
38,Item price,$31.28
39,Total price,$8.99+TaxItem price$8.99Est. taxEstimated TaxSee websiteTotal price$8.99+Tax
40,Total price,$15.88Item price$8.99Shipping$5.99Est. taxEstimated Tax$0.90Total price$15.88
41,Total price,$16.90Item price$9.95Shipping$6.95Est. taxEstimated Tax$0.00Total price$16.90
42,Total price,$16.94Item price$9.99Est. taxEstimated Tax$0.96Total price$16.94
43,Total price,$7.62+ShippingItem price$7.19ShippingSee websiteEst. taxEstimated Tax$0.43Total price$7.62+Shipping
44,Total price,$15.06Item price$14.21Shipping$0.00Est. taxEstimated Tax$0.85Total price$15.06
45,Total price,$21.44Item price$20.23Shipping$0.00Est. taxEstimated Tax$1.21Total price$21.44
46,Total price,$33.84Item price$31.92Shipping$0.00Est. taxEstimated Tax$1.92Total price$33.84
47,Total price,$25.43Item price$23.99Shipping$0.00Est. taxEstimated Tax$1.44Total price$25.43
48,Total price,$23.51Item price$23.51Shipping$0.00Est. taxEstimated Tax$0.00Total price$23.51
49,Total price,$39.18Item price$39.18Shipping$0.00Est. taxEstimated Tax$0.00Total price$39.18
50,Total price,$25.43Item price$23.99Shipping$0.00Est. taxEstimated Tax$1.44Total price$25.43
51,Total price,$31.28Item price$31.28Shipping$0.00Est. taxEstimated Tax$0.00Total price$31.28
