index,0,1
44.0.0,Sold by,Vitabath4.9/54.9 out of 5 stars store rating(392 store reviews)
44.0.1,Sold by,eBay - 433433
44.0.2,Sold by,truegether.com/user/433433.html
44.0.3,Sold by,Bonanza - Xperts-Bonanza Mall
44.0.4,Sold by,eCrater - xpertsedge
44.1.0,Details & special offers,Spend $65 for free delivery
44.1.1,Details & special offers,"Free delivery by Wed, May 18"
44.1.2,Details & special offers,Free delivery
44.1.3,Details & special offers,Free delivery
44.1.4,Details & special offers,Free delivery
44.2.0,Item price,$9.25
44.2.1,Item price,$21.99
44.2.2,Item price,$21.55
44.2.3,Item price,$21.99
44.2.4,Item price,$21.99
44.3.0,Total price,$19.20
44.3.1,Total price,$23.31
44.3.2,Total price,$21.55
44.3.3,Total price,$23.31
44.3.4,Total price,$21.99
12.0.0,Sold by,"PC Fallon Co.Trusted storeWhat makes this a trusted store?This store offers a combination of fast shipping, on-time deliveries, and easy returns, among other services.·4.9/54.9 out of 5 stars store rating(1.6K)"
12.0.1,Sold by,Walmart - Euro Pharm
12.0.2,Sold by,eBay3 more offersHide offers
12.0.3,Sold by,ihealthee
12.1.0,Details & special offers,"Delivery by Wed, May 25Spend $89 for free delivery"
12.1.1,Details & special offers,Free delivery
12.1.2,Details & special offers,$1.89 delivery
12.1.3,Details & special offers,Free delivery
12.2.0,Item price,"GREAT PICKThis product and store are highly rated, and the price is competitive.$28.05"
12.2.1,Item price,$33.00
12.2.2,Item price,$31.99
12.2.3,Item price,$46.39
12.3.0,Total price,$36.00
12.3.1,Total price,$34.98
12.3.2,Total price,$35.80
12.3.3,Total price,$49.17
6.0.0,Sold by,Vitabath4.9/54.9 out of 5 stars store rating(392 store reviews)
6.0.1,Sold by,Walgreens.com4.6/54.6 out of 5 stars store rating(509 store reviews)
6.0.2,Sold by,"PC Fallon Co.Trusted storeWhat makes this a trusted store?This store offers a combination of fast shipping, on-time deliveries, and easy returns, among other services.·4.9/54.9 out of 5 stars store rating(1.6K)"
6.0.3,Sold by,Vitacost.com4.6/54.6 out of 5 stars store rating(8.3K store reviews)
6.0.4,Sold by,Bealls Florida4.4/54.4 out of 5 stars store rating(3.8K store reviews)
6.0.5,Sold by,ihealthee
6.0.6,Sold by,Walmart - ROXON ENTERPRISES LLC
6.0.7,Sold by,myBitti.com
6.0.8,Sold by,eBay - 433433
6.0.9,Sold by,truegether.com/user/433433.html
6.0.10,Sold by,eCrater - xpertsedge
6.1.0,Details & special offers,Spend $65 for free delivery
6.1.1,Details & special offers,$5.99 deliveryFree 30-day returns
6.1.2,Details & special offers,"Delivery by Wed, May 25Spend $89 for free delivery"
6.1.3,Details & special offers,Spend $49 for free delivery60-day returns
6.1.4,Details & special offers,Delivery date & cost shown at checkout
6.1.5,Details & special offers,Free delivery
6.1.6,Details & special offers,Free delivery
6.1.7,Details & special offers,"Free delivery by Tue, May 17"
6.1.8,Details & special offers,"Free delivery by Wed, May 18"
6.1.9,Details & special offers,Free delivery
6.1.10,Details & special offers,Free delivery
6.2.0,Item price,$9.25
6.2.1,Item price,$8.99
6.2.2,Item price,$8.99
6.2.3,Item price,$8.99
6.2.4,Item price,LOW PRICE$7.19$8.99
6.2.5,Item price,$12.79
6.2.6,Item price,$20.52
6.2.7,Item price,$13.99
6.2.8,Item price,$26.99
6.2.9,Item price,$26.45
6.2.10,Item price,$16.99
6.3.0,Total price,$19.20
6.3.1,Total price,$15.88
6.3.2,Total price,$15.94
6.3.3,Total price,$15.88
6.3.4,Total price,$7.62+Shipping
6.3.5,Total price,$13.56
6.3.6,Total price,$21.75
6.3.7,Total price,$14.83
6.3.8,Total price,$28.61
6.3.9,Total price,$26.45
6.3.10,Total price,$16.99
9.0.0,Sold by,Vitabath4.9/54.9 out of 5 stars store rating(392 store reviews)
9.0.1,Sold by,Walmart - Euro Pharm
9.0.2,Sold by,eBay3 more offersHide offers
9.0.3,Sold by,myBitti.com
9.0.4,Sold by,DorothyShop
9.0.5,Sold by,MeekDepot
9.0.6,Sold by,Zabiva.com
9.0.7,Sold by,"onnyxbeautyTrusted storeWhat makes this a trusted store?This store offers a combination of fast shipping, on-time deliveries, and easy returns, among other services."
9.0.8,Sold by,Oneway Beauty
9.1.0,Details & special offers,Spend $65 for free delivery
9.1.1,Details & special offers,Free delivery
9.1.2,Details & special offers,"Free delivery by Wed, May 18"
9.1.3,Details & special offers,"Free delivery by Tue, May 17"
9.1.4,Details & special offers,"$7.13 delivery by Mon, May 30Free 30-day returns"
9.1.5,Details & special offers,"Free delivery by Sun, May 22"
9.1.6,Details & special offers,Free deliveryApply SAVE22
9.1.7,Details & special offers,"Free delivery by Mon, May 23"
9.1.8,Details & special offers,"Free delivery by Sun, May 22"
9.2.0,Item price,LOW PRICE$20.55
9.2.1,Item price,$24.99
9.2.2,Item price,$24.99
9.2.3,Item price,$26.99
9.2.4,Item price,$28.50
9.2.5,Item price,$83.50
9.2.6,Item price,5% OFF$52.60
9.2.7,Item price,$77.93
9.2.8,Item price,$72.37
9.3.0,Total price,$30.50
9.3.1,Total price,$26.49
9.3.2,Total price,$26.49
9.3.3,Total price,$28.61
9.3.4,Total price,$39.90
9.3.5,Total price,$83.50
9.3.6,Total price,$55.76
9.3.7,Total price,$77.93
9.3.8,Total price,$72.37
37.0.0,Sold by,"PC Fallon Co.Trusted storeWhat makes this a trusted store?This store offers a combination of fast shipping, on-time deliveries, and easy returns, among other services.·4.9/54.9 out of 5 stars store rating(1.6K)"
37.0.1,Sold by,myBitti.com
37.0.2,Sold by,Walmart - TWS E-COMMERCE LLC
37.0.3,Sold by,eBay - 433433
37.0.4,Sold by,truegether.com/user/433433.html
37.0.5,Sold by,Bonanza - Xperts-Bonanza Mall
37.1.0,Details & special offers,"Delivery by Wed, May 25Spend $89 for free delivery"
37.1.1,Details & special offers,"Free delivery by Tue, May 17"
37.1.2,Details & special offers,Free delivery
37.1.3,Details & special offers,"Free delivery by Wed, May 18"
37.1.4,Details & special offers,Free delivery
37.1.5,Details & special offers,Free delivery
37.2.0,Item price,LOW PRICE$18.99
37.2.1,Item price,$22.99
37.2.2,Item price,$35.28
37.2.3,Item price,$28.99
37.2.4,Item price,$28.41
37.2.5,Item price,$28.99
37.3.0,Total price,$25.94
37.3.1,Total price,$24.37
37.3.2,Total price,$37.40
37.3.3,Total price,$30.73
37.3.4,Total price,$28.41
37.3.5,Total price,$30.73
82.0.0,Sold by,"PC Fallon Co.Trusted storeWhat makes this a trusted store?This store offers a combination of fast shipping, on-time deliveries, and easy returns, among other services.·4.9/54.9 out of 5 stars store rating(1.6K)"
82.0.1,Sold by,Walmart - Euro Pharm
82.0.2,Sold by,myBitti.com
82.1.0,Details & special offers,"Delivery by Wed, May 25Spend $89 for free delivery"
82.1.1,Details & special offers,Free delivery
82.1.2,Details & special offers,"Free delivery by Tue, May 17"
82.2.0,Item price,LOW PRICE$16.95
82.2.1,Item price,$24.99
82.2.2,Item price,$23.49
82.3.0,Total price,$23.90
82.3.1,Total price,$26.49
82.3.2,Total price,$24.90
84.0.0,Sold by,Vitabath4.9/54.9 out of 5 stars store rating(392 store reviews)
84.0.1,Sold by,"PC Fallon Co.Trusted storeWhat makes this a trusted store?This store offers a combination of fast shipping, on-time deliveries, and easy returns, among other services.·4.9/54.9 out of 5 stars store rating(1.6K)"
84.0.2,Sold by,Poshmark
84.0.3,Sold by,eCrater - xpertsedge
84.1.0,Details & special offers,Spend $65 for free delivery
84.1.1,Details & special offers,"Delivery by Wed, May 25Spend $89 for free delivery"
84.1.2,Details & special offers,Spend $500 for free delivery
84.1.3,Details & special offers,Free delivery
84.2.0,Item price,LOW PRICE$9.25
84.2.1,Item price,LOW PRICE$8.99
84.2.2,Item price,$15.00
84.2.3,Item price,$15.99
84.3.0,Total price,$19.20
84.3.1,Total price,$15.94
84.3.2,Total price,$23.73
84.3.3,Total price,$15.99
38.0.0,Sold by,Ulta Beauty4.8/54.8 out of 5 stars store rating(1.8K store reviews)
38.0.1,Sold by,Vitabath4.9/54.9 out of 5 stars store rating(392 store reviews)
38.0.2,Sold by,"PC Fallon Co.Trusted storeWhat makes this a trusted store?This store offers a combination of fast shipping, on-time deliveries, and easy returns, among other services.·4.9/54.9 out of 5 stars store rating(1.6K)"
38.0.3,Sold by,"eCosmeticsTrusted storeWhat makes this a trusted store?This store offers a combination of fast shipping, on-time deliveries, and easy returns, among other services.·4.8/54.8 out of 5 stars store rating(773)"
38.0.4,Sold by,eBay2 more offersHide offers
38.0.5,Sold by,OpenSky3.5/53.5 out of 5 stars store rating(129 store reviews)
38.0.6,Sold by,beautysuppliers.org
38.0.7,Sold by,Sears - ErgodE
38.0.8,Sold by,"Home Essentials DirectGoogle GuaranteeIf anything goes wrong with your order, Google will help make it right.Learn more4.7/54.7 out of 5 stars store ratingStore info"
38.0.9,Sold by,shop.com
38.0.10,Sold by,"Le Ravishe Beauty MartGoogle GuaranteeIf anything goes wrong with your order, Google will help make it right.Learn moreTrusted storeWhat makes this a trusted store?This store offers a combination of fast shipping, on-time deliveries, and easy returns, among other services.Identifies as Women-owned"
38.1.0,Details & special offers,Spend $35 for free deliveryFree 60-day returns
38.1.1,Details & special offers,Spend $65 for free delivery
38.1.2,Details & special offers,"Delivery by Wed, May 25Spend $89 for free delivery"
38.1.3,Details & special offers,"Delivery by Sun, May 15Spend $49 for free deliveryFree 60-day returnsExtra 20% Off Your First Order"
38.1.4,Details & special offers,$6.50 delivery
38.1.5,Details & special offers,$8.00 deliveryFree 14-day returns
38.1.6,Details & special offers,"$6.50 delivery by Fri, May 2730-day returns"
38.1.7,Details & special offers,Free delivery
38.1.8,Details & special offers,"Free delivery by Mon, May 16Free deliveryFree delivery means no shipping and service fees. Orders must meet store minimums before taxes and fees in select delivery areas.30-day returnsReturn policyIf anything goes wrong with this order, you can count on Google to help."
38.1.9,Details & special offers,Free delivery
38.1.10,Details & special offers,"Free delivery by Tue, May 24Free deliveryFree delivery means no shipping and service fees. Orders must meet store minimums before taxes and fees in select delivery areas.Free 30-day returnsReturn policyIf anything goes wrong with this order, you can count on Google to help."
38.2.0,Item price,LOW PRICE$8.99
38.2.1,Item price,$9.25
38.2.2,Item price,LOW PRICE$8.99
38.2.3,Item price,LOW PRICE$8.71
38.2.4,Item price,$9.90
38.2.5,Item price,$10.89
38.2.6,Item price,$14.57
38.2.7,Item price,$24.06
38.2.8,Item price,$19.95
38.2.9,Item price,$24.09
38.2.10,Item price,$22.51
38.3.0,Total price,$15.84
38.3.1,Total price,$19.20
38.3.2,Total price,$15.94
38.3.3,Total price,$14.66
38.3.4,Total price,$17.38
38.3.5,Total price,$18.89
38.3.6,Total price,$23.60
38.3.7,Total price,$25.50
38.3.8,Total price,$21.15
38.3.9,Total price,$25.54
38.3.10,Total price,$23.86
13.0.0,Sold by,Vitabath4.9/54.9 out of 5 stars store rating(392 store reviews)
13.0.1,Sold by,Walmart - Euro Pharm
13.0.2,Sold by,"PC Fallon Co.Trusted storeWhat makes this a trusted store?This store offers a combination of fast shipping, on-time deliveries, and easy returns, among other services.·4.9/54.9 out of 5 stars store rating(1.6K)"
13.0.3,Sold by,eBay1 more offerHide offers
13.0.4,Sold by,"pilottop.comTrusted storeWhat makes this a trusted store?This store offers a combination of fast shipping, on-time deliveries, and easy returns, among other services."
13.0.5,Sold by,iBeautyCity.com
13.0.6,Sold by,"ibeautistoreTrusted storeWhat makes this a trusted store?This store offers a combination of fast shipping, on-time deliveries, and easy returns, among other services."
13.1.0,Details & special offers,Spend $65 for free delivery
13.1.1,Details & special offers,Free delivery
13.1.2,Details & special offers,"Delivery by Wed, May 25Spend $89 for free delivery"
13.1.3,Details & special offers,"Free delivery by Wed, May 18"
13.1.4,Details & special offers,"Free delivery by Thu, May 19Free 30-day returns"
13.1.5,Details & special offers,"Free delivery by Sun, May 22"
13.1.6,Details & special offers,"Free delivery by Sun, May 22"
13.2.0,Item price,LOW PRICE$9.25
13.2.1,Item price,$11.99
13.2.2,Item price,LOW PRICE$8.99
13.2.3,Item price,$11.99
13.2.4,Item price,$22.06
13.2.5,Item price,$33.65
13.2.6,Item price,$22.06
13.3.0,Total price,$19.20
13.3.1,Total price,$12.71
13.3.2,Total price,$15.94
13.3.3,Total price,$12.71
13.3.4,Total price,$22.06
13.3.5,Total price,$33.65
13.3.6,Total price,$22.06
40.0.0,Sold by,"PC Fallon Co.Trusted storeWhat makes this a trusted store?This store offers a combination of fast shipping, on-time deliveries, and easy returns, among other services.·4.9/54.9 out of 5 stars store rating(1.6K)"
40.0.1,Sold by,Vitacost.com4.6/54.6 out of 5 stars store rating(8.3K store reviews)
40.0.2,Sold by,ihealthee
40.1.0,Details & special offers,"Delivery by Wed, May 25Spend $89 for free delivery"
40.1.1,Details & special offers,Spend $49 for free delivery60-day returns
40.1.2,Details & special offers,Free delivery
40.2.0,Item price,$8.99
40.2.1,Item price,$8.99
40.2.2,Item price,$12.66
40.3.0,Total price,$15.94
40.3.1,Total price,$15.88
40.3.2,Total price,$13.42
85.0.0,Sold by,Vitabath4.9/54.9 out of 5 stars store rating(392 store reviews)
85.0.1,Sold by,Walgreens.com4.6/54.6 out of 5 stars store rating(509 store reviews)
85.0.2,Sold by,"PC Fallon Co.Trusted storeWhat makes this a trusted store?This store offers a combination of fast shipping, on-time deliveries, and easy returns, among other services.·4.9/54.9 out of 5 stars store rating(1.6K)"
85.0.3,Sold by,Vitacost.com4.6/54.6 out of 5 stars store rating(8.3K store reviews)
85.0.4,Sold by,Walmart - Euro Pharm
85.0.5,Sold by,Bealls Florida4.4/54.4 out of 5 stars store rating(3.8K store reviews)
85.0.6,Sold by,eBay2 more offersHide offers
85.0.7,Sold by,ihealthee
85.0.8,Sold by,Raj Pharmacies
85.0.9,Sold by,goodholidayprice
85.0.10,Sold by,"ibeautistoreTrusted storeWhat makes this a trusted store?This store offers a combination of fast shipping, on-time deliveries, and easy returns, among other services."
85.1.0,Details & special offers,Spend $65 for free delivery
85.1.1,Details & special offers,$5.99 deliveryFree 30-day returns
85.1.2,Details & special offers,"Delivery by Wed, May 25Spend $89 for free delivery"
85.1.3,Details & special offers,Spend $49 for free delivery60-day returns
85.1.4,Details & special offers,Free delivery
85.1.5,Details & special offers,Delivery date & cost shown at checkout
85.1.6,Details & special offers,"Free delivery by Wed, May 18"
85.1.7,Details & special offers,Free delivery
85.1.8,Details & special offers,465.7 mi · In stock at RumsonToday: 9:00 AM - 7:00 PM
85.1.9,Details & special offers,"Free delivery by Tue, May 17"
85.1.10,Details & special offers,"Free delivery by Sun, May 22"
85.2.0,Item price,LOW PRICE$9.25
85.2.1,Item price,LOW PRICE$8.99
85.2.2,Item price,LOW PRICE$8.99
85.2.3,Item price,LOW PRICE$8.99
85.2.4,Item price,$11.99
85.2.5,Item price,LOW PRICE$7.19$8.99
85.2.6,Item price,$11.99
85.2.7,Item price,$12.40
85.2.8,Item price,$10.99
85.2.9,Item price,$22.35
85.2.10,Item price,$20.26
85.3.0,Total price,$19.20
85.3.1,Total price,$15.88
85.3.2,Total price,$15.94
85.3.3,Total price,$15.88
85.3.4,Total price,$12.71
85.3.5,Total price,$7.62+Shipping
85.3.6,Total price,$12.71
85.3.7,Total price,$13.14
85.3.8,Total price,$10.99+Tax
85.3.9,Total price,$22.35
85.3.10,Total price,$20.26
33.0.0,Sold by,Vitabath4.9/54.9 out of 5 stars store rating(392 store reviews)
33.0.1,Sold by,"PC Fallon Co.Trusted storeWhat makes this a trusted store?This store offers a combination of fast shipping, on-time deliveries, and easy returns, among other services.·4.9/54.9 out of 5 stars store rating(1.6K)"
33.1.0,Details & special offers,Spend $65 for free delivery
33.1.1,Details & special offers,"Delivery by Wed, May 25Spend $89 for free delivery"
33.2.0,Item price,$9.25
33.2.1,Item price,$8.99
33.3.0,Total price,$19.20
33.3.1,Total price,$15.94
2.0.0,Sold by,"PC Fallon Co.Trusted storeWhat makes this a trusted store?This store offers a combination of fast shipping, on-time deliveries, and easy returns, among other services.·4.9/54.9 out of 5 stars store rating(1.6K)"
2.0.1,Sold by,Walmart - Euro Pharm
2.0.2,Sold by,eBay1 more offerHide offers
2.0.3,Sold by,truegether.com/user/433433.html
2.0.4,Sold by,Bonanza - Xperts-Bonanza Mall
2.1.0,Details & special offers,"Delivery by Wed, May 25Spend $89 for free delivery"
2.1.1,Details & special offers,Free delivery
2.1.2,Details & special offers,"Free delivery by Wed, May 18"
2.1.3,Details & special offers,Free delivery
2.1.4,Details & special offers,Free delivery
2.2.0,Item price,"GREAT PICKThis product and store are highly rated, and the price is competitive.$28.05"
2.2.1,Item price,$33.00
2.2.2,Item price,$28.89
2.2.3,Item price,$36.25
2.2.4,Item price,$36.99
2.3.0,Total price,$36.00
2.3.1,Total price,$34.98
2.3.2,Total price,$30.62
2.3.3,Total price,$36.25
2.3.4,Total price,$39.21
10.0.0,Sold by,"PC Fallon Co.Trusted storeWhat makes this a trusted store?This store offers a combination of fast shipping, on-time deliveries, and easy returns, among other services.·4.9/54.9 out of 5 stars store rating(1.6K)"
10.0.1,Sold by,Walmart - Euro Pharm
10.0.2,Sold by,eBay - pharmacy1231
10.1.0,Details & special offers,"Delivery by Wed, May 25Spend $89 for free delivery"
10.1.1,Details & special offers,Free delivery
10.1.2,Details & special offers,"Free delivery by Wed, May 18"
10.2.0,Item price,LOW PRICE$18.99
10.2.1,Item price,$21.99
10.2.2,Item price,$20.00
10.3.0,Total price,$25.94
10.3.1,Total price,$23.31
10.3.2,Total price,$21.20
14.0.0,Sold by,Vitabath4.9/54.9 out of 5 stars store rating(392 store reviews)
14.0.1,Sold by,Walmart - Euro Pharm
14.0.2,Sold by,eBay1 more offerHide offers
14.0.3,Sold by,truegether.com/user/433433.html
14.0.4,Sold by,Bonanza - Xperts-Bonanza Mall
14.1.0,Details & special offers,Spend $65 for free delivery
14.1.1,Details & special offers,Free delivery
14.1.2,Details & special offers,"Free delivery by Wed, May 18"
14.1.3,Details & special offers,Free delivery
14.1.4,Details & special offers,Free delivery
14.2.0,Item price,$9.25
14.2.1,Item price,$24.00
14.2.2,Item price,$23.95
14.2.3,Item price,$23.51
14.2.4,Item price,$23.99
14.3.0,Total price,$19.20
14.3.1,Total price,$25.44
14.3.2,Total price,$25.39
14.3.3,Total price,$23.51
14.3.4,Total price,$25.43
32.0.0,Sold by,Walmart - Euro Pharm
32.0.1,Sold by,"PC Fallon Co.Trusted storeWhat makes this a trusted store?This store offers a combination of fast shipping, on-time deliveries, and easy returns, among other services.·4.9/54.9 out of 5 stars store rating(1.6K)"
32.0.2,Sold by,truegether.com/user/433433.html
32.0.3,Sold by,eBay1 more offerHide offers
32.0.4,Sold by,Bonanza - Xperts-Bonanza Mall
32.0.5,Sold by,Zabiva.com
32.0.6,Sold by,Newegg.com - Famous Microgreens
32.0.7,Sold by,iBeautyCity.com
32.1.0,Details & special offers,Free delivery
32.1.1,Details & special offers,"Delivery by Wed, May 25Spend $89 for free delivery"
32.1.2,Details & special offers,Free delivery
32.1.3,Details & special offers,"Free delivery by Wed, May 18"
32.1.4,Details & special offers,Free delivery
32.1.5,Details & special offers,Free deliveryApply SAVE22
32.1.6,Details & special offers,Free delivery
32.1.7,Details & special offers,"Free delivery by Sun, May 22"
32.2.0,Item price,$33.00
32.2.1,Item price,LOW PRICE$28.05
32.2.2,Item price,$36.25
32.2.3,Item price,$36.99
32.2.4,Item price,$36.99
32.2.5,Item price,5% OFF$38.91
32.2.6,Item price,$43.00
32.2.7,Item price,$54.91
32.3.0,Total price,$34.98
32.3.1,Total price,$36.00
32.3.2,Total price,$36.25
32.3.3,Total price,$39.21
32.3.4,Total price,$39.21
32.3.5,Total price,$41.24
32.3.6,Total price,$45.58
32.3.7,Total price,$54.91
77.0.0,Sold by,Vitabath4.9/54.9 out of 5 stars store rating(392 store reviews)
77.0.1,Sold by,"PC Fallon Co.Trusted storeWhat makes this a trusted store?This store offers a combination of fast shipping, on-time deliveries, and easy returns, among other services.·4.9/54.9 out of 5 stars store rating(1.6K)"
77.0.2,Sold by,eBay - earthwaresangel
77.1.0,Details & special offers,Spend $65 for free delivery
77.1.1,Details & special offers,"Delivery by Wed, May 25Spend $89 for free delivery"
77.1.2,Details & special offers,$8.95 delivery
77.2.0,Item price,$9.25
77.2.1,Item price,$8.99
77.2.2,Item price,$37.95
77.3.0,Total price,$19.20
77.3.1,Total price,$15.94
77.3.2,Total price,$49.71
83.0.0,Sold by,"PC Fallon Co.Trusted storeWhat makes this a trusted store?This store offers a combination of fast shipping, on-time deliveries, and easy returns, among other services.·4.9/54.9 out of 5 stars store rating(1.6K)"
83.0.1,Sold by,Walmart - Euro Pharm
83.0.2,Sold by,eBay - pharmacy1142
83.0.3,Sold by,Raj Pharmacies
83.0.4,Sold by,myBitti.com
83.0.5,Sold by,Bonanza - Xperts-Bonanza Mall
83.1.0,Details & special offers,"Delivery by Wed, May 25Spend $89 for free delivery"
83.1.1,Details & special offers,Free delivery
83.1.2,Details & special offers,"Free delivery by Wed, May 18"
83.1.3,Details & special offers,465.7 mi · In stock at RumsonToday: 9:00 AM - 7:00 PM
83.1.4,Details & special offers,"Free delivery by Tue, May 17"
83.1.5,Details & special offers,Free delivery
83.2.0,Item price,LOW PRICE$18.94
83.2.1,Item price,$24.99
83.2.2,Item price,$23.99
83.2.3,Item price,LOW PRICE$20.00
83.2.4,Item price,$26.99
83.2.5,Item price,$26.99
83.3.0,Total price,$25.89
83.3.1,Total price,$26.49
83.3.2,Total price,$25.43
83.3.3,Total price,$20.00+Tax
83.3.4,Total price,$28.61
83.3.5,Total price,$28.61
86.0.0,Sold by,"PC Fallon Co.Trusted storeWhat makes this a trusted store?This store offers a combination of fast shipping, on-time deliveries, and easy returns, among other services.·4.9/54.9 out of 5 stars store rating(1.6K)"
86.0.1,Sold by,eBay - 433433
86.1.0,Details & special offers,"Free delivery by Wed, May 25"
86.1.1,Details & special offers,"Free delivery by Wed, May 18"
86.2.0,Item price,$89.00
86.2.1,Item price,$95.99
86.3.0,Total price,$89.00
86.3.1,Total price,$101.75
39.0.0,Sold by,Vitabath4.9/54.9 out of 5 stars store rating(392 store reviews)
39.0.1,Sold by,myBitti.com
39.0.2,Sold by,Raj Pharmacies
39.0.3,Sold by,truegether.com/user/433433.html
39.0.4,Sold by,eCrater - xpertsedge
39.1.0,Details & special offers,Spend $65 for free delivery
39.1.1,Details & special offers,"Free delivery by Tue, May 17"
39.1.2,Details & special offers,463.6 mi · In stock at RumsonToday: 9:00 AM - 7:00 PM
39.1.3,Details & special offers,Free delivery
39.1.4,Details & special offers,Free delivery
39.2.0,Item price,LOW PRICE$20.55
39.2.1,Item price,$22.99
39.2.2,Item price,LOW PRICE$20.99
39.2.3,Item price,$26.45
39.2.4,Item price,$26.99
39.3.0,Total price,$30.50
39.3.1,Total price,$24.37
39.3.2,Total price,$20.99+Tax
39.3.3,Total price,$26.45
39.3.4,Total price,$26.99
42.0.0,Sold by,"PC Fallon Co.Trusted storeWhat makes this a trusted store?This store offers a combination of fast shipping, on-time deliveries, and easy returns, among other services.·4.9/54.9 out of 5 stars store rating(1.6K)"
42.0.1,Sold by,eBay - youngbeautysupplies
42.0.2,Sold by,eCrater - xpertsedge
42.1.0,Details & special offers,"Delivery by Wed, May 25Spend $89 for free delivery"
42.1.1,Details & special offers,"Free delivery by Wed, May 18"
42.1.2,Details & special offers,Free delivery
42.2.0,Item price,"GREAT PICKThis product and store are highly rated, and the price is competitive.$28.05"
42.2.1,Item price,$31.89
42.2.2,Item price,$35.99
42.3.0,Total price,$36.00
42.3.1,Total price,$33.80
42.3.2,Total price,$35.99
41.0.0,Sold by,"PC Fallon Co.Trusted storeWhat makes this a trusted store?This store offers a combination of fast shipping, on-time deliveries, and easy returns, among other services.·4.9/54.9 out of 5 stars store rating(1.6K)"
41.0.1,Sold by,Fishpond.com3.5/53.5 out of 5 stars store rating(47 store reviews)
41.0.2,Sold by,iBeautyCity.com
41.1.0,Details & special offers,"Delivery by Wed, May 25Spend $89 for free delivery"
41.1.1,Details & special offers,Free delivery30-day returns
41.1.2,Details & special offers,"Free delivery by Sun, May 22"
41.2.0,Item price,$8.99
41.2.1,Item price,$24.60
41.2.2,Item price,$27.12
41.3.0,Total price,$15.94
41.3.1,Total price,$24.60
41.3.2,Total price,$27.12
7.0.0,Sold by,eBay5 more offersHide offers
7.0.1,Sold by,truegether.com/user/433433.html
7.0.2,Sold by,Walmart - Redi-Fest
7.0.3,Sold by,Bonanza - Xperts-Bonanza Mall
7.0.4,Sold by,eCrater - xpertsedge
7.0.5,Sold by,Zabiva.com
7.0.6,Sold by,myBitti.com
7.1.0,Details & special offers,$5.84 delivery
7.1.1,Details & special offers,Free delivery
7.1.2,Details & special offers,Free delivery
7.1.3,Details & special offers,Free delivery
7.1.4,Details & special offers,Free delivery
7.1.5,Details & special offers,Free deliveryApply SAVE22
7.1.6,Details & special offers,"Free delivery by Tue, May 17"
7.2.0,Item price,LOW PRICE$14.00
7.2.1,Item price,$19.59
7.2.2,Item price,$24.99
7.2.3,Item price,$19.99
7.2.4,Item price,$19.99
7.2.5,Item price,5% OFF$20.56
7.2.6,Item price,$23.49
7.3.0,Total price,$21.03
7.3.1,Total price,$19.59
7.3.2,Total price,$26.49
7.3.3,Total price,$21.19
7.3.4,Total price,$19.99
7.3.5,Total price,$21.79
7.3.6,Total price,$24.90
11.0.0,Sold by,Vitabath4.9/54.9 out of 5 stars store rating(392 store reviews)
11.0.1,Sold by,"PC Fallon Co.Trusted storeWhat makes this a trusted store?This store offers a combination of fast shipping, on-time deliveries, and easy returns, among other services.·4.9/54.9 out of 5 stars store rating(1.6K)"
11.0.2,Sold by,Walmart1 more offerHide offers
11.0.3,Sold by,eBay1 more offerHide offers
11.0.4,Sold by,truegether.com/user/433433.html
11.0.5,Sold by,Bonanza - Xperts-Bonanza Mall
11.0.6,Sold by,OliveTips.com
11.1.0,Details & special offers,Spend $65 for free delivery
11.1.1,Details & special offers,"Delivery by Wed, May 25Spend $89 for free delivery"
11.1.2,Details & special offers,Free delivery
11.1.3,Details & special offers,$5.50 delivery
11.1.4,Details & special offers,Free delivery
11.1.5,Details & special offers,Free delivery
11.1.6,Details & special offers,"Free delivery by Mon, May 23"
11.2.0,Item price,LOW PRICE$9.25
11.2.1,Item price,LOW PRICE$8.99
11.2.2,Item price,$18.24
11.2.3,Item price,$14.80
11.2.4,Item price,$16.65
11.2.5,Item price,$16.99
11.2.6,Item price,$27.83
11.3.0,Total price,$19.20
11.3.1,Total price,$15.94
11.3.2,Total price,$19.33
11.3.3,Total price,$21.19
11.3.4,Total price,$16.65
11.3.5,Total price,$18.01
11.3.6,Total price,$27.83
34.0.0,Sold by,"PC Fallon Co.Trusted storeWhat makes this a trusted store?This store offers a combination of fast shipping, on-time deliveries, and easy returns, among other services.·4.9/54.9 out of 5 stars store rating(1.6K)"
34.0.1,Sold by,eCrater - xpertsedge
34.0.2,Sold by,eBay - 433433
34.0.3,Sold by,"VereTreasure SupermarketTrusted storeWhat makes this a trusted store?This store offers a combination of fast shipping, on-time deliveries, and easy returns, among other services."
34.0.4,Sold by,truegether.com/user/433433.html
34.1.0,Details & special offers,"Delivery by Wed, May 25Spend $89 for free delivery"
34.1.1,Details & special offers,Free delivery
34.1.2,Details & special offers,"Free delivery by Wed, May 18"
34.1.3,Details & special offers,"Free delivery by Mon, May 16Free 30-day returns"
34.1.4,Details & special offers,Free delivery
34.2.0,Item price,LOW PRICE$8.99
34.2.1,Item price,$13.99
34.2.2,Item price,$16.99
34.2.3,Item price,$20.51
34.2.4,Item price,$16.65
34.3.0,Total price,$15.94
34.3.1,Total price,$13.99
34.3.2,Total price,$18.01
34.3.3,Total price,$20.51
34.3.4,Total price,$16.65
78.0.0,Sold by,"PC Fallon Co.Trusted storeWhat makes this a trusted store?This store offers a combination of fast shipping, on-time deliveries, and easy returns, among other services.·4.9/54.9 out of 5 stars store rating(1.6K)"
78.0.1,Sold by,eBay1 more offerHide offers
78.0.2,Sold by,truegether.com/user/433433.html
78.0.3,Sold by,Bonanza - Xperts-Bonanza Mall
78.0.4,Sold by,Newegg.com - Famous Microgreens
78.0.5,Sold by,Zabiva.com
78.0.6,Sold by,iBeautyCity.com
78.0.7,Sold by,goodholidayprice
78.1.0,Details & special offers,"Delivery by Wed, May 25Spend $89 for free delivery"
78.1.1,Details & special offers,"Free delivery by Wed, May 18"
78.1.2,Details & special offers,Free delivery
78.1.3,Details & special offers,Free delivery
78.1.4,Details & special offers,Free delivery
78.1.5,Details & special offers,Free deliveryApply SAVE22
78.1.6,Details & special offers,"Free delivery by Sun, May 22"
78.1.7,Details & special offers,"Free delivery by Tue, May 17"
78.2.0,Item price,"GREAT PICKThis product and store are highly rated, and the price is competitive.$37.40"
78.2.1,Item price,$44.99
78.2.2,Item price,$44.09
78.2.3,Item price,$44.99
78.2.4,Item price,$57.29
78.2.5,Item price,5% OFF$54.89
78.2.6,Item price,$75.65
78.2.7,Item price,$75.78
78.3.0,Total price,$45.35
78.3.1,Total price,$47.69
78.3.2,Total price,$44.09
78.3.3,Total price,$47.69
78.3.4,Total price,$60.73
78.3.5,Total price,$58.18
78.3.6,Total price,$75.65
78.3.7,Total price,$75.78
4.0.0,Sold by,"PC Fallon Co.Trusted storeWhat makes this a trusted store?This store offers a combination of fast shipping, on-time deliveries, and easy returns, among other services.·4.9/54.9 out of 5 stars store rating(1.6K)"
4.0.1,Sold by,myBitti.com
4.1.0,Details & special offers,"Free delivery by Wed, May 25"
4.1.1,Details & special offers,"Free delivery by Tue, May 17"
4.2.0,Item price,$89.00
4.2.1,Item price,$95.99
4.3.0,Total price,$89.00
4.3.1,Total price,$101.75
